{
  "IMP.JO-AEG.JO": [
    -12322.490164738887,
    -12474.349282065614,
    -11678.6655336474,
    -11668.180874745256,
    -11873.910206887602,
    -11538.904213026857,
    -10663.785857186911,
    -10937.645785750854,
    -11088.553356905784,
    -11149.830306442671,
    -11241.995950206312,
    -11232.116753564756,
    -11341.520801200604,
    -10935.275769814525,
    -10379.486042304217,
    -10377.71293090853,
    -10497.37877739003,
    -10340.883285831796,
    -9535.171828953435,
    -9540.857023169423,
    -9010.38806602375,
    -9641.27572086372,
    -9141.577568920702,
    -8946.749883746365,
    -9075.54342173489,
    -8351.331602967135,
    -8102.905362099787,
    -8231.795475868035,
    -7719.532641903474,
    -7169.424008472697,
    -6574.632341468133,
    -6183.5748605158315,
    -6269.672706805452,
    -5965.8132081063195,
    -5370.942709415033,
    -5351.334453097377,
    -4465.736463674385,
    -3782.546144881847,
    -3690.12055952543,
    -3399.678446912204,
    -2296.3450253364526,
    -2899.0594187231804,
    -2042.7733739282248,
    -1680.442145713002,
    -524.902790645607,
    -513.8706666553845,
    -848.4910915759386,
    -192.373351252452,
    -369.9931399256888,
    -189.63930621832012,
    -409.8446719940239,
    -653.359707105908,
    -265.5453724646684,
    10.211560094664327,
    -224.0877839293029,
    -153.58413800238043,
    -575.1685522937111,
    -154.32472055306653,
    -483.615863761515,
    -416.4826822096412,
    115.9685525465914,
    -579.0186932519555,
    -405.61499251563134,
    -130.01666867243412,
    -273.76776173209015,
    -334.14870721494646,
    -356.31892050642216,
    -499.0142766159911,
    -556.2335802031735,
    -44.186331591648404,
    -206.58125226417167,
    -157.25684364840976,
    -291.54645970810896,
    -458.8268613177981,
    -128.07292108479362,
    -556.1707660898284,
    -451.35593319461753,
    -189.69387097244632,
    -255.71043340533237,
    -305.64909988174765,
    -421.98667628959447,
    -277.80075196899446,
    -541.8651653270894,
    -249.34748459861817,
    -328.2411093494295,
    -594.9279597353961,
    -562.3797594531314,
    -368.8993669054223,
    -256.9198255159863,
    -12.958114098037736,
    -284.12655157504133,
    -697.0556058935415,
    -217.06052845041134,
    -314.5359094348662,
    -696.6587969219624,
    -205.77638163405453,
    -469.52332933861135,
    -180.95551434766196,
    -134.81702781911403,
    -568.9842210604983
  ],
  "AMS.JO-MUR.JO": [
    -12249.077292073678,
    -12272.310358412144,
    -12808.312322059655,
    -12663.040078116692,
    -11500.228592819858,
    -11232.820506044984,
    -11079.215391471564,
    -10851.259527319075,
    -10639.713888193295,
    -9863.349770323923,
    -10062.905535549145,
    -9691.591013891926,
    -10330.244604671836,
    -10742.197544495182,
    -10694.445182577138,
    -10536.580367186813,
    -9919.588299491073,
    -10917.609218700083,
    -10134.438731935448,
    -9975.67094210262,
    -9503.941555778218,
    -9792.568796182706,
    -8785.383313550221,
    -8356.098468652965,
    -8579.466521564227,
    -8775.69388472895,
    -7778.596225973588,
    -8463.57506491969,
    -7823.519189769839,
    -6973.1252217363,
    -6929.1851483546,
    -6733.314152772953,
    -5964.277917322832,
    -6186.174537974744,
    -5605.139020678875,
    -5288.106598533717,
    -4886.251925819161,
    -4179.894595366439,
    -3765.5964190406476,
    -3201.575403100921,
    -2875.2251981338136,
    -2351.9853388273896,
    -1550.8829591982135,
    -1056.7811998315228,
    -1536.6247669448817,
    -529.658162492892,
    -100.21170335104361,
    -653.7671455770954,
    -578.7745983088516,
    -96.58762610194944,
    -755.7513909046777,
    -213.53534337219622,
    -855.177600745637,
    -469.4255446217074,
    -395.60866714070625,
    -266.9713966195965,
    -247.85031931752502,
    -551.8701279802282,
    -172.83365179975468,
    -8.31605892568638,
    -369.03280690162467,
    -35.62744065857419,
    -366.12575134427664,
    -639.4434455525003,
    -649.1254447687963,
    65.68667229154696,
    -249.16674406242663,
    -36.55941124417865,
    -268.4978783837225,
    -97.43357868696683,
    -302.29239484649116,
    -617.8220905374483,
    -96.12141734630256,
    -160.92235504333595,
    -552.4301718261414,
    -169.9979606357506,
    -400.09803992085097,
    -132.45900587345128,
    -335.59030666724294,
    -771.4435260111798,
    -423.2244389515458,
    -205.30110697185586,
    -272.1858888179969,
    -697.873194348811,
    -383.942378870639,
    -492.7063871858857,
    -668.889324767224,
    -295.1175564967712,
    -432.75568126074813,
    -380.50654111324593,
    -276.86278085696216,
    -425.95724736455594,
    -662.8567298474323,
    -595.3715973492696,
    -153.1745938982029,
    -86.38335868198823,
    -349.42352079291544,
    -10.16036756853655,
    -569.0418786031786,
    -493.7548029852193
  ],
  "FSR.JO-DSY.JO": [
    -11982.1918094611,
    -12258.063334238319,
    -12675.330641451981,
    -11821.63223277532,
    -10885.80485080199,
    -11144.788294184318,
    -11334.049273831117,
    -10170.90754574642,
    -10678.867667085706,
    -10356.949346668092,
    -9732.062988380005,
    -10044.557997433543,
    -9345.328200576818,
    -8830.037039338746,
    -8525.544725123736,
    -8747.39264974085,
    -8534.111098001375,
    -8878.359358771593,
    -7504.997650454786,
    -7008.799474084062,
    -7886.471662243594,
    -8885.841649716218,
    -9379.045653145047,
    -9109.377517482511,
    -9069.845961379335,
    -8514.864396849263,
    -8424.338837776986,
    -8573.124577173137,
    -7338.172653830478,
    -7109.676443776072,
    -6790.206209472871,
    -6620.76768759873,
    -6457.980529715491,
    -5752.94581914848,
    -5124.501249523599,
    -4501.21299725993,
    -4683.271016456267,
    -4174.4760124672985,
    -3886.237461967412,
    -3202.3026464239715,
    -2758.054073968957,
    -2176.507592678804,
    -1911.7342208336233,
    -1403.6732232506436,
    -1136.5899885520332,
    -506.3405757509229,
    -179.129390143135,
    -447.3690465318162,
    -177.00914887576917,
    -232.13102641616396,
    -235.41873365477537,
    -591.6647498940566,
    -108.88958154203463,
    -632.9791878786517,
    -382.8610288538633,
    -245.51164832111982,
    -542.0316334026439,
    -496.1160494054353,
    -174.31815036996062,
    -379.3157973069472,
    -104.0498945593711,
    -555.5310095748546,
    -375.38591812577306,
    -383.3915726125389,
    -391.52630404994517,
    -370.655140875867,
    -333.5537264388257,
    -82.58244292052922,
    20.422925240323174,
    -203.41851679894847,
    -434.83285380027553,
    -293.7185190452634,
    -335.7414964806324,
    -31.688541156953924,
    57.002353786757304,
    -500.6373285700777,
    -354.65075527211854,
    -269.82513410319234,
    -526.4458374850143,
    -568.1254146073834,
    -293.15896420605344,
    -768.5197579662911,
    69.4751224834104,
    -323.72481797624994,
    -194.23836992176106,
    -513.3636983477371,
    -472.68571842673856,
    -480.0031084930629,
    -162.84514679554877,
    -487.5848799871451,
    -739.1009367709798,
    -384.7800673155403,
    -538.5012484250996,
    -448.3402267224232,
    -211.37664231281283,
    -287.0843416069292,
    -675.7004693780995,
    -152.67855119713138,
    -321.17229105434865,
    -728.5202640229141
  ],